[
    {
        "atracao":1,
        "custoManutencaoBilhete":2.5,
        "custoFixoMes":700
    },
    {
        "atracao":2,
        "custoManutencaoBilhete":0.2,
        "custoFixoMes":150
    },
    {
        "atracao":3,
        "custoManutencaoBilhete":0.3,
        "custoFixoMes":150
    },
    {
        "atracao":4,
        "custoManutencaoBilhete":0.5,
        "custoFixoMes":500
    },
    {
        "atracao":5,
        "custoManutencaoBilhete":0.5,
        "custoFixoMes":200
    },
    {
        "atracao":6,
        "custoManutencaoBilhete":0.1,
        "custoFixoMes":500
    },
    {
        "atracao":7,
        "custoManutencaoBilhete":2.0,
        "custoFixoMes":550
    },
    {
        "atracao":8,
        "custoManutencaoBilhete":0.1,
        "custoFixoMes":50
    },
    {
        "atracao":9,
        "custoManutencaoBilhete":3.0,
        "custoFixoMes":640
    },
    {
        "atracao":10,
        "custoManutencaoBilhete":0.1,
        "custoFixoMes":100
    }
]